{
  "baseline": {
    "scenario_name": "baseline",
    "years": [
      2025,
      2030,
      2035,
      2040
    ],
    "annual_results": {
      "2025": {
        "demand_analysis": {
          "Industrial": {
            "total_daily_mwh": 2382.2834062903644,
            "peak_mw": 107.89606407753696,
            "min_mw": 90.43359877671101,
            "load_factor": 0.9199761774822452
          },
          "Residential": {
            "total_daily_mwh": 1987.5307814726946,
            "peak_mw": 129.37094624951976,
            "min_mw": 43.396025690310786,
            "load_factor": 0.6401265891774344
          }
        },
        "generation_mix": {
          "wind_turbine": 524.377702531567,
          "solar_pv": 349.5851350210447,
          "natural_gas_plant": 3495.851350210447
        },
        "costs": {
          "natural_gas_plant": {
            "capex": 950000.0,
            "opex_fixed": 15000,
            "opex_variable": 35,
            "fuel_cost": 38,
            "co2_intensity": 354
          },
          "wind_turbine": {
            "capex": 1320000.0,
            "opex_fixed": 25000,
            "opex_variable": 12,
            "fuel_cost": 0,
            "co2_intensity": 11
          },
          "solar_pv": {
            "capex": 980000.0,
            "opex_fixed": 18000,
            "opex_variable": 8,
            "fuel_cost": 0,
            "co2_intensity": 41
          },
          "lithium_battery": {
            "capex": 1580000.0,
            "opex_fixed": 22000,
            "opex_variable": 5,
            "fuel_cost": 0,
            "co2_intensity": 0
          }
        },
        "emissions": {
          "total_emissions_tons": 1257.6325232382085,
          "carbon_intensity_kg_mwh": 287.80000000000007,
          "emissions_by_tech": {
            "wind_turbine": 5.768154727847238,
            "solar_pv": 14.332990535862834,
            "natural_gas_plant": 1237.5313779744984
          },
          "renewable_share": 0.2
        },
        "renewable_share": 0.2
      },
      "2030": {
        "demand_analysis": {
          "Industrial": {
            "total_daily_mwh": 2702.0097673293467,
            "peak_mw": 120.65748896354918,
            "min_mw": 102.16464134938849,
            "load_factor": 0.9330853913212231
          },
          "Residential": {
            "total_daily_mwh": 2202.1648197539994,
            "peak_mw": 148.2927554418103,
            "min_mw": 40.98806492908361,
            "load_factor": 0.6187548893833532
          }
        },
        "generation_mix": {
          "wind_turbine": 588.5009504500015,
          "solar_pv": 392.33396696666773,
          "natural_gas_plant": 3923.339669666677
        },
        "costs": {
          "natural_gas_plant": {
            "capex": 950000.0,
            "opex_fixed": 15000,
            "opex_variable": 35,
            "fuel_cost": 38,
            "co2_intensity": 354
          },
          "wind_turbine": {
            "capex": 869987.6106240002,
            "opex_fixed": 25000,
            "opex_variable": 12,
            "fuel_cost": 0,
            "co2_intensity": 11
          },
          "solar_pv": {
            "capex": 434831.20624999993,
            "opex_fixed": 18000,
            "opex_variable": 8,
            "fuel_cost": 0,
            "co2_intensity": 41
          },
          "lithium_battery": {
            "capex": 585768.9522560003,
            "opex_fixed": 22000,
            "opex_variable": 5,
            "fuel_cost": 0,
            "co2_intensity": 0
          }
        },
        "emissions": {
          "total_emissions_tons": 1411.4214461625868,
          "carbon_intensity_kg_mwh": 287.8,
          "emissions_by_tech": {
            "wind_turbine": 6.473510454950016,
            "solar_pv": 16.085692645633376,
            "natural_gas_plant": 1388.8622430620035
          },
          "renewable_share": 0.2
        },
        "renewable_share": 0.2
      },
      "2035": {
        "demand_analysis": {
          "Industrial": {
            "total_daily_mwh": 3020.3887970181195,
            "peak_mw": 140.99339869738273,
            "min_mw": 113.48913421375585,
            "load_factor": 0.8925916700483402
          },
          "Residential": {
            "total_daily_mwh": 2396.8484474567267,
            "peak_mw": 165.1183367476765,
            "min_mw": 49.57476538139121,
            "load_factor": 0.6048309792710063
          }
        },
        "generation_mix": {
          "wind_turbine": 1137.6198213397176,
          "solar_pv": 758.4132142264784,
          "natural_gas_plant": 3521.2042089086503
        },
        "costs": {
          "natural_gas_plant": {
            "capex": 950000.0,
            "opex_fixed": 15000,
            "opex_variable": 35,
            "fuel_cost": 38,
            "co2_intensity": 354
          },
          "wind_turbine": {
            "capex": 573392.7595751947,
            "opex_fixed": 25000,
            "opex_variable": 12,
            "fuel_cost": 0,
            "co2_intensity": 11
          },
          "solar_pv": {
            "capex": 192936.91625390813,
            "opex_fixed": 18000,
            "opex_variable": 8,
            "fuel_cost": 0,
            "co2_intensity": 41
          },
          "lithium_battery": {
            "capex": 217167.8895108179,
            "opex_fixed": 22000,
            "opex_variable": 5,
            "fuel_cost": 0,
            "co2_intensity": 0
          }
        },
        "emissions": {
          "total_emissions_tons": 1290.1150497716849,
          "carbon_intensity_kg_mwh": 238.15000000000006,
          "emissions_by_tech": {
            "wind_turbine": 12.513818034736895,
            "solar_pv": 31.094941783285616,
            "natural_gas_plant": 1246.5062899536624
          },
          "renewable_share": 0.35
        },
        "renewable_share": 0.35
      },
      "2040": {
        "demand_analysis": {
          "Industrial": {
            "total_daily_mwh": 3411.2931522487393,
            "peak_mw": 153.9873419533663,
            "min_mw": 131.36230667807615,
            "load_factor": 0.923044796240952
          },
          "Residential": {
            "total_daily_mwh": 2661.5279007456834,
            "peak_mw": 173.95889329850215,
            "min_mw": 57.81882603493094,
            "load_factor": 0.6374896606988149
          }
        },
        "generation_mix": {
          "wind_turbine": 1275.2924211288287,
          "solar_pv": 850.1949474192191,
          "natural_gas_plant": 3947.3336844463747
        },
        "costs": {
          "natural_gas_plant": {
            "capex": 950000.0,
            "opex_fixed": 15000,
            "opex_variable": 35,
            "fuel_cost": 38,
            "co2_intensity": 354
          },
          "wind_turbine": {
            "capex": 377912.5733726708,
            "opex_fixed": 25000,
            "opex_variable": 12,
            "fuel_cost": 0,
            "co2_intensity": 11
          },
          "solar_pv": {
            "capex": 85607.13471922664,
            "opex_fixed": 18000,
            "opex_variable": 8,
            "fuel_cost": 0,
            "co2_intensity": 41
          },
          "lithium_battery": {
            "capex": 80512.78930531559,
            "opex_fixed": 22000,
            "opex_variable": 5,
            "fuel_cost": 0,
            "co2_intensity": 0
          }
        },
        "emissions": {
          "total_emissions_tons": 1446.2423337706218,
          "carbon_intensity_kg_mwh": 238.15,
          "emissions_by_tech": {
            "wind_turbine": 14.028216632417116,
            "solar_pv": 34.85799284418798,
            "natural_gas_plant": 1397.3561242940168
          },
          "renewable_share": 0.35
        },
        "renewable_share": 0.35
      }
    },
    "summary_metrics": {
      "total_cumulative_emissions": 5405.4113529431015,
      "average_renewable_share": 0.275,
      "peak_system_demand_2050": 327.9462352518684,