{
  "analysis_timestamp": "2025-11-06T14:55:12.787995",
  "system_metrics": {
    "demand": {
      "total_daily_demand_mwh": 4369.814187763059,
      "industrial_share": 0.5451681247595275,
      "residential_share": 0.4548318752404725,
      "system_peak_mw": 230.94218291249612,
      "system_load_factor": 0.78840335213157,
      "peak_to_average_ratio": 1.2683862864057414
    },
    "renewables": {
      "wind_capacity_factor": 0.31428227246352747,
      "solar_capacity_factor": 0.1349935493103881,
      "combined_capacity_factor": 0.22463791088695778,
      "resource_complementarity": 1.5005781395175626,
      "peak_wind_hour": 6,
      "peak_solar_hour": 13
    },
    "technologies": {
      "natural_gas_plant": {
        "lcoe_usd_mwh": 89.21950225309327,
        "capacity_factor": 0.85,
        "annual_output_mwh_per_mw": 7446.0
      },
      "wind_turbine": {
        "lcoe_usd_mwh": 76.4288384439076,
        "capacity_factor": 0.31428227246352747,
        "annual_output_mwh_per_mw": 2753.1127067805005
      },
      "solar_pv": {
        "lcoe_usd_mwh": 102.07723763649015,
        "capacity_factor": 0.1349935493103881,
        "annual_output_mwh_per_mw": 1182.5434919589998
      }
    }
  },
  "scenario_analysis": {
    "base_case": {
      "demand": {
        "total_daily_demand_mwh": 4369.814187763059,
        "industrial_share": 0.5451681247595275,
        "residential_share": 0.4548318752404725,
        "system_peak_mw": 230.94218291249612,
        "system_load_factor": 0.78840335213157,
        "peak_to_average_ratio": 1.2683862864057414
      },
      "renewables": {
        "wind_capacity_factor": 0.31428227246352747,
        "solar_capacity_factor": 0.1349935493103881,
        "combined_capacity_factor": 0.22463791088695778,
        "resource_complementarity": 1.5005781395175626,
        "peak_wind_hour": 6,
        "peak_solar_hour": 13
      },
      "technologies": {
        "natural_gas_plant": {
          "lcoe_usd_mwh": 89.21950225309327,
          "capacity_factor": 0.85,
          "annual_output_mwh_per_mw": 7446.0
        },
        "wind_turbine": {
          "lcoe_usd_mwh": 76.4288384439076,
          "capacity_factor": 0.31428227246352747,
          "annual_output_mwh_per_mw": 2753.1127067805005
        },
        "solar_pv": {
          "lcoe_usd_mwh": 102.07723763649015,
          "capacity_factor": 0.1349935493103881,
          "annual_output_mwh_per_mw": 1182.5434919589998
        }
      }
    },
    "high_renewable": {
      "description": "Improved renewable resources (+20%)",
      "wind_cf": 0.37713872695623296,
      "solar_cf": 0.16142404703630495,
      "improvement_factor": 1.2
    },
    "high_demand": {
      "description": "Increased energy demand (+15%)",
      "total_demand_increase": 1.15,
      "new_system_peak": 265.5835103493705,
      "capacity_requirement_increase": 1.15
    },
    "cost_reduction": {
      "description": "Renewable technology cost reduction (-20%)",
      "wind_cost_factor": 0.8,
      "solar_cost_factor": 0.8,
      "impact_on_lcoe": "Approximately 15-20% LCOE reduction for renewables"
    }
  },
  "key_insights": {
    "demand_characteristics": [
      "System peak demand: 230.9 MW",
      "Load factor: 78.84%",
      "Industrial share: 54.5%",
      "Residential share: 45.5%"
    ],
    "renewable_potential": [
      "Wind capacity factor: 31.4%",
      "Solar capacity factor: 13.5%",
      "Resource complementarity index: 1.501",
      "Higher complementarity indicates better combined performance"
    ],
    "technology_rankings": [
      "1. Wind Turbine: $76.43/MWh",
      "2. Natural Gas Plant: $89.22/MWh",
      "3. Solar Pv: $102.08/MWh"
    ]
  }
}